region,id,name,value,regionName
5,36708824," ДП ""IЛЛIНЦIВОДОКАНАЛ""",0.234,Вінницька
5,3338283, НЕМИРIВСЬКИЙ ККП М. НЕМИРIВ,0.021,Вінницька
5,31127946," ПП ""МИХАЛИЧ I КО"" СМТ. ВОРОНОВИЦЯ ВIННИЦЬКИЙ Р-Н",0.018,Вінницька
5,36759156," ТУЛЬЧИНСЬКЕ ДП КП ""ВIННИЦЯОБЛВОДОКАНАЛ"" М. ТУЛЬЧИН",0.444,Вінницька
5,37489301," КП ""НАДIЯ"" СМТ.ВОРОНОВИЦЯ ВIННИЦЬКИЙ РАЙОН",0.013,Вінницька
5,40848880," КРИЖОПIЛЬСЬКА ФIЛIЯ ТОВ ""ФУД ДЕВЕЛОПМЕНТ""",0.103,Вінницька
7,31979894," ПП ""EВРОПАЦУКОР"" СМТ.IВАНИЧI",0.006,Волинська
7,3339176, СТАРОВИЖIВСЬКЕ ВУЖКГ СМТ.СТАРА ВИЖIВКА,0.053,Волинська
7,13368478," КП ""ДУБИЩЕНСЬКЕ ЖКГ"" РОЖИЩЕНСЬКИЙ Р-Н",0.047,Волинська
9,26349183," ВП ""ШАХТА IМ.Д.Ф.МЕЛЬНИКОВА"" ПАТ""ЛИСИЧАНСЬКВУГIЛЛЯ"" М.ЛИСИЧАНСЬК",0.041,Луганська
9,31380846," ПАТ ЛИСИЧАНСЬКИЙ СКЛОЗАВОД ""ПРОЛЕТАРIЙ""",0.284,Луганська
9,418030," ТДВ  ""ЛИСИЧАНСЬКИЙ ЖЕЛАТИНОВИЙ ЗАВОД""",0.675,Луганська
9,3339851,"ЛИСИЧАНСЬКЕ КОМУНАЛЬНЕ СПЕЦІАЛІЗОВАНЕ ПІДПРИЄМСТВО ПО ВИДОБУТКУ, ОБРОБЦІ, РЕАЛІЗАЦІЇ ВОДИ ТА ОЧИЩЕННЮ СТОКІВ ”ЛИСИЧАНСЬКВОДОКАНАЛ”",3.604,Луганська
9,32026192," КП ""РУБІЖАНСЬКЕ ВИРОБНИЧЕ УПРАВЛІННЯ ВОДОПРОВІДНО-КАНАЛІЗАЦІЙНОГО ГОСПОДАРСТВА"" РУБІЖАНСЬКОЇ МІСЬКОЇ РАДИ”",2.719,Луганська
9,1882551," ПАТ ""РУБIЖАНСЬКИЙ КАРТОННО-ТАРНИЙ КОМБIНАТ""",3.339,Луганська
9,35629024," КП ""ЖИЛБУДСЕРВIС"" М.ЩАСТЯ",0.385,Луганська
9,32292929," ПРАТ ""ЛИНIК"" М.ЛИСИЧАНСЬК",0.053,Луганська
9,33270581," ПАТ ""СЄВЄРОДОНЕЦЬКЕ ОБ`ЄДНАННЯ""АЗОТ"" М.СЄВЄРОДОНЕЦЬК",5.707,Луганська
9,34502350," ТДВ ""ПОПАСНЯНСЬКИЙ ВАГОНОРЕМОНТНИЙ ЗАВОД""",0.034,Луганська
9,36999957," НАУКОВО-ВИРОБНИЧЕ ПIДПРИЄМСТВО ""ЗОРЯ"" М.РУБIЖНЕ",0.744,Луганська
9,39459310," МКП ""СВАТIВСЬКИЙ ВОДОКАНАЛ"" М. СВАТОВЕ",0.23,Луганська
9,39816143," РАЙОННЕ КОМУНАЛЬНЕ ПIДПРИЄМСТВО ""СТАРОБIЛЬСЬКВОДА""  М. СТАРОБІЛЬСЬК",0.279,Луганська
9,39816143," РАЙОННЕ КОМУНАЛЬНЕ ПIДПРИЄМСТВО ""СТАРОБIЛЬСЬКВОДА""  СМТ. НОВОАЙДАР",0.084,Луганська
9,39816143," РАЙОННЕ КОМУНАЛЬНЕ ПIДПРИЄМСТВО ""СТАРОБIЛЬСЬКВОДА"" СМТ. БIЛОВОДСЬК",0.049,Луганська
9,38817874," ВП ""ПОПАСНЯНСЬКИЙ ДЕПАРТАМЕНТ"" КП ""ПОПАСНЯНСЬКИЙ РАЙОННИЙ ВОДОКАНАЛ”",0.23,Луганська
9,39837961," ВП ""СВIТЛIЧАНСЬКИЙ ДЕПАРТАМЕНТ"" КП ""ПОПАСНЯНСЬКИЙ РАЙОННИЙ ВОДОКАНАЛ”",0.008,Луганська
12,5761620," ПАТ ""ДНIПРОАЗОТ"", М. КАМЯНСЬКЕ",2.959,Дніпропетровська
12,5669819," ПАТ ""ДНIПРОВАГОНМАШ"", М. КАМЯНСЬКЕ",0.18,Дніпропетровська
12,41149437, ТУ БМЕС 1 М. ДНIПРО,0.315,Дніпропетровська
12,13461621," ПАТ ""КРИВОРIЗЬКИЙ ТУРБIННИЙ ЗАВОД ""КОНСТАР""",0.009,Дніпропетровська
12,14310112," ДП НВО ""ПАВЛОГРАДСЬКИЙ ХIМIЧНИЙ ЗАВОД""",0.317,Дніпропетровська
12,14311614," ПАТ ""ДНIПРОПЕТРОВСЬКИЙ АГРЕГАТНИЙ ЗАВОД""",0.005,Дніпропетровська
12,93389830," ФIЛIЯ ""ВIЛЬНОГIРСЬКИЙ ГМК"" ДП ""ОГХК""",0.242,Дніпропетровська
12,40190086," ТОВ ВК  ""СIЧЕСЛАВ КАРТОН"", М. ДНIПРО",0.034,Дніпропетровська
12,32365106," ДП ""САНАТОРIЙ ""СЛАВУТИЧ"", М. ВЕРХНЬОДНIПРОВСЬК",0.045,Дніпропетровська
12,31657751," КП ""ТЕРНIВСЬКЕ ЖКП""",1.27,Дніпропетровська
12,5393056," ПРАТ ""ЄВРАЗ ДМЗ "", М. ДНIПРО",10.01,Дніпропетровська
12,5393079," ПРАТ ""ЄВРАЗ ЮЖКОКС"", М. КАМЯНСЬКЕ",0.103,Дніпропетровська
12,5393043," ПАТ ""ДНIПРОВСЬКИЙ МЕТКОМБIНАТ"", М. КАМЯНСЬКЕ",56.26,Дніпропетровська
12,191329," ПРАТ ""СУХА БАЛКА"", М. КРИВИЙ РIГ",1.391,Дніпропетровська
12,190905," ПАТ ""IНГУЛЕЦЬКИЙ ГЗК"", М. КРИВИЙ РIГ",0.19,Дніпропетровська
12,190977," ПРАТ ""ЦЕНТРАЛЬНИЙ ГЗК"", М. КРИВИЙ РIГ",1.633,Дніпропетровська
12,191000," ПАТ ""ПIВДЕННИЙ ГЗК"", М. КРИВИЙ РIГ",0.009,Дніпропетровська
12,32293435," ТОВ ""ОБ`ЄДНАННЯ НОВОМИКОЛАЇВСЬКИЙ КАР`ЄР"", С. НОВОМИКОЛАЇВКА",0.177,Дніпропетровська
12,3340989," КП ""МАРГАНЕЦЬКЕ ВУВКГ""",1.424,Дніпропетровська
12,3341345," КП ""ПАВЛОГРАДСЬКЕ ВУВКГ"" ПМР",2.766,Дніпропетровська
12,36615515," КП ""НОВОМОСКОВСЬК ВОДОКАНАЛ""",1.825,Дніпропетровська
12,3341339," КП ""НIКОПОЛЬСЬКЕ ВУВКГ"" НМР",1.21,Дніпропетровська
12,33855098," КВП КМР ""МIСЬКВОДОКАНАЛ"", М. КАМЯНСЬКЕ",3.635,Дніпропетровська
12,3341305," КП ""ДНIПРОВОДОКАНАЛ"" ДМР",54.58,Дніпропетровська
12,3341351," МКП ""ОРДЖОНIКIДЗЕВСЬКЕ ВУВКГ""",1.205,Дніпропетровська
12,34621490," КП ДОР ""АУЛЬСЬКИЙ ВОДОВIД""",5.573,Дніпропетровська
12,3341316," КП ""КРИВБАСВОДОКАНАЛ"",  М. КРИВИЙ РIГ",0.001,Дніпропетровська
12,14308368," ДП ВО ""ПМЗ IМ. МАКАРОВА"", М. ДНIПРО",0.968,Дніпропетровська
12,25842467," ФIЛIЯ ПРУВОКС ПАТ ""ДТЕК  ПАВЛОГРАДВУГIЛЛЯ"", М. ПАВЛОГРАД",13.86,Дніпропетровська
12,           ," ВП "" ЕРАСТIВСЬКИЙ КАРЄР"",  П'ЯТИХАТСЬКИЙ Р-Н",0.01,Дніпропетровська
12,3564045," ДМП ВКГ ""ДНIПРО-ЗАХIДНИЙ ДОНБАС"", СИНЕЛЬНИКIВСЬКИЙ Р-Н, С. ВОРОНОВЕ",2.115,Дніпропетровська
12,191307," ПАТ ""КРИВОРIЗЬКИЙ ЗАЛIЗОРУДНИЙ КОМБIНАТ"", М. КРИВИЙ РIГ",4.645,Дніпропетровська
12,30063871," ПРАТ ""ПЕТРИКIВСЬКИЙ РИБГОСП"", ПЕТРИКIВСЬКИЙ Р-Н",4.997,Дніпропетровська
12,4793055," ТОВ ""ДДЗ ""ЕНЕРГОАВТОМАТИКА"", М. ДНIПРО",0.075,Дніпропетровська
12,36607305," ТОВ ""КАРАЧУНIВСЬКИЙ РИБГОСП"", М. ДНIПРО",0.26,Дніпропетровська
12,32182594," КП  ""ЖОВТОВОДСЬКИЙ ВОДОКАНАЛ"" ДОР, М. ЖОВТI ВОДИ",2.936,Дніпропетровська
12,34059188," ПРАТ ""ХIМДИВIЗIОН"", М. КАМЯНСЬКЕ",0.501,Дніпропетровська
12,24432974," ШУ З ПIДЗЕМНОГО ВИДОБУТКУ РУДИ ПАТ ""АРСЕЛОРМIТТАЛ КРИВИЙ РIГ",2.614,Дніпропетровська
12,31802573," ПРАТ ""ЕНЕРГОРЕСУРСИ"", М. НIКОПОЛЬ",3.229,Дніпропетровська
12,35484610," ТОВ ""МЕТIНВЕСТ - КРМЗ"", М. КРИВИЙ РIГ",0.157,Дніпропетровська
12,23935242," ТОВ ""ЛЮБИМIВСЬКИЙ КАР'ЄР"", ДНIПРОПЕТРОВСЬКИЙ Р-Н",0.351,Дніпропетровська
12,33075778," КП ""ФРУНЗЕНСЬКЕ ЖКП"" ШИРОКIВСЬКИЙ Р-Н",0.025,Дніпропетровська
12,32049199," ТОВ ""МЕТРО КЕШ ЕНД КЕРРI УКРАЇНА"" ТЦ - 26, ДНІПРОВСЬКИЙ Р-Н",0.003,Дніпропетровська
12,37490818,"  КП ""СОЛОНЯНСЬКЕ ЖКУ"", СОЛОНЯНСЬКИЙ Р-Н",0.057,Дніпропетровська
12,32723351," ТОВ ""ТОРГIВЕЛЬНО ТРАНСПОРТНА КОМПАНIЯ"", ДНIПРОПЕТРОВСЬКИЙ Р-Н",0.001,Дніпропетровська
12,19311369," ТОВ ВКФ ""НАЙС"" М. ДНIПРО",46.12,Дніпропетровська
12,26509770," КЗО НВК №122 ""ЗНЗ - ДНЗ ""ДМР""  М.ДНIПРО",0.001,Дніпропетровська
14,1125755, ДП МАРIУПОЛЬСЬКИЙ  МОРСЬКИЙ ТОРГОВЕЛЬНИЙ ПОРТ,0.085,Донецька
14,191075," ВАТ ""АВДIЇВСЬКИЙ КХЗ""",0.149,Донецька
14,191158," ПрАТ ""МЕТКОМБIНАТ ""АЗОВСТАЛЬ"",М.МАРIУПОЛЬ",153.8,Донецька
14,8563174," ВК-82,СЕЛ.ГОСТРЕ,М.СЕЛIДОВЕ",0.046,Донецька
14,35580927," КП ""КОМПАНIЯ ВОДА ДОНБАСУ"" СЕЛIДОВСЬКИЙ ВУВКГ",1.222,Донецька
14,35581061," КП ""КОМПАНIЯ ВОДА ДОНБАСУ"" ДОБРОПОЛЬСЬКЕ ВУВКГ",1.541,Донецька
14,5393725," КП""МТТУ"",М.МАРIУПОЛЬ",0.021,Донецька
14,35581103," КП ""КОМПАНIЯ ВОДА ДОНБАСУ"" СНIЖНЯНСЬКЕ ВУВКГ",0.801,Донецька
14,5524328," КП МВК,М.ХАРЦIЗСЬК",1.912,Донецька
14,35637166," КП ""КОМПАНIЯ ВОДА ДОНБАСУ"" МВК,М.АМВРОСIЄВКА",0.076,Донецька
14,35580932," КП ""КОМПАНIЯ ВОДА ДОНБАСУ "" ТОРЕЗСЬКЕ ВУВКГ",1.101,Донецька
14,35581119," КП ""КОМПАНIЯ ВОДА ДОНБАСУ "" ШАХТАРСЬКЕ ВУВКГ",1.029,Донецька
14,35580838," ВОЛНОВАСЬКЕ ВУВКГ КП ""ВОДА ДОНБАСУ"",М.ВОЛНОВАХА",0.816,Донецька
14,20315181," КП ""КОМПАНIЯ ВОДА ДОНБАСУ"" МИРНОГРАДСЬКЕ ВУВКГ М.МИРНОГРАД",3.657,Донецька
14,35580875," ДОКУЧАЄВСЬКЕ ВУ ВКГ КП""ВОДА""ДОНБАСУ"",М.ДОКУЧАЄВСЬК",0.693,Донецька
14,35397790," ДОНЕЦЬКЕ РЕГIОНАЛЬНЕ ВИРОБНИЧЕ УПРАВЛIННЯ КП ""ВОДА ДОНБАСУ""",3.234,Донецька
14,35397832,"МАРІУПОЛЬСЬКЕ РЕГІОНАЛЬНЕ ВИРОБНИЧЕ УПРАВЛІННЯ КОМУНАЛЬНОГО ПІДПРИЄМСТВА ""КОМПАНІЯ ""ВОДА ДОНБАСУ""",3.52,Донецька
14,5763599," ПРАТ ""НКМЗ"",М.КРАМАТОРСЬК",0.01,Донецька
14,25954611," КРАСНОЛИМАНСЬКЕ БМЕУ,М.ЛИМАН",0.033,Донецька
14,25954611," КРАСНОЛИМАНСЬКЕ БМЕУ,СТ.СIЛЬ",0.004,Донецька
14,131245," ПАТ ""ЦЕНТРЕНЕРГО"" ВУГЛЕГIРСЬКА ТЕС,М.ДЕБАЛЬЦЕВЕ,СМТ.СВIТЛОДА",0.004,Донецька
14,176495," ДВАТ ЦЗФ ""ДЗЕРЖИНСЬКА"",М.ДЗЕРЖИНСЬК",0.011,Донецька
14,31297266," ТОВ НВО ""IНКОР I К"" КХП ""ФЕНОЛЬНИЙ З-Д"", М.ДЗЕРЖИНСЬК",0.079,Донецька
14,191052," ПАТ ""ДРУЖКIВСЬКИЙ ЗАВОД МЕТАЛЕВИХ ВИРОБIВ""",0.292,Донецька
14,35887472," КОСТЯНТИНIВСЬКЕ ВУВКГ КП ""КОМПАНIЯ ВОДА ДОНБАСУ""",1.66,Донецька
14,35397869," ДРУЖКIВСЬКЕ ВУВКГ КП ""КОМПАНIЯ ""ВОДА ДОНБАСУ"" , М.ДРУЖКIВКА",1.485,Донецька
14,5524216, ТОРЕЦЬКЕ ВУВКГ М.ТОРЕЦЬК (ДЗЕРЖИНСЬК,0.978,Донецька
14,35580890," КП ""КОМПАНIЯ ВОДА ДОНБАСУ"" ЛИМАНСЬКЕ ВУВКГ,М.ЛИМАН",0.482,Донецька
14,35580885," КП ""КОМПАНIЯ ВОДА ДАНБАСУ ""КIРОВСЬКЕ ВУВКГ",1.215,Донецька
14,31727271," ДП ""РУТЕКС- КЕРАМ"", ТОВ ""РУТЕКС КЕРАМ"",С.ЗЕЛЕНОПIЛЛЯ",0.013,Донецька
14,35397869," СЛОВ'ЯНСЬКЕ РЕГIОНАЛЬНЕ ВИРОБНИЧЕ УПРАВЛIННЯ КП ""ВОДА ДОНБАСУ”",0.018,Донецька
14,191672," ГОРЛIВСЬКЕ ВУВКГ КП ""ВОДА ДОНБАСУ""",5.712,Донецька
14,35397900," ЧАСОВОЯРСЬКЕ РЕГIОНАЛЬНЕ ВИРОБНИЧЕ УПРАВЛIННЯ КП ""ВОДА ДОНБАСУ”",0.458,Донецька
14,33380539," ПРАТ  ""УКРАЇНСЬКИЙ БЕКОН"", М. КОСТЯНТИНIВКА",0.028,Донецька
14,293060," ФIЛIЯ ПАТ ""ЄВРОЦЕМЕНТ-УКРАЇНА""- КРАМАТОРСЬКИЙ ЗАВОД - ""ПУШКА",0.004,Донецька
14,355810077," ДЕБАЛЬЦIВСЬКЕ ВУВКГ, ЄНАКIЄВСЬКЕ ВУВКГ, М.ДЕБАЛЬЦЕВЕ",0.357,Донецька
14,37339327," ПАО ""ЦОФ ""РОССIЯ"",ПОКРОВСЬКИЙ  Р-Н",0.041,Донецька
14,38221036," МАКIЇВСЬКЕ ВУВКГ КП ""КОМПАНIЯ ""ВОДА  ДОНБАСУ""",9.09,Донецька
14,           , ФОП ГЕРАСИМЕНКО С.А.,0.157,Донецька
14,32049199," ТОВ ""МЕТРО КЕШ ЕНД КЕРI УКРАЇНА"", М. МАРIУПОЛЬ",0.02,Донецька
14,34550708," ТОВ ""МАРIСТ-ТРЕЙД"", М.МАРIУПОЛЬ",0.03,Донецька
14,38413516," КП ""ЗЛАТОУСТIВСЬКЕ"" ЗЛАТОУСТIВСЬКОЇ СIЛЬСЬК.РАДИ, ВОЛНОВАСЬК",0.007,Донецька
14,36893728," ТОВ ""ВК ЕЛТЕКО"".М.КОСТЯНТИНIВКА",0.015,Донецька
14,40760817," КП""ВОДОКАНАЛ"" ВУГЛЕДАРСЬКОЇ МIСЬК5ОЇ РАДИ",0.704,Донецька
14,35581077," КП ""КОМПАНIЯ"" ""ВОДА ДОНБАСУ"", ЄНАКIЄВСЬКЕ ВУВКГ, М.ЄНАКIЄВЕ",2.73,Донецька
14,3971003," ТЕЛЬМАНIВСЬКЕ ВУВКГ НОВОАЗОВСЬКА ВКД КП""КОМПАНIЯ ""ВОДА ДОНБАСУ”",0.051,Донецька
18,5756926," ВАТ ""ПЕРШОТРАВЕНСЬКИЙ З-Д ЕЛЕКТРОТЕХНIЧНОГО ФАРФОРУ”  БАРАНIВСЬКИЙ Р-Н",0.002,Житомирська
18,24978549, БУДИНКОУПРАВЛIННЯ  №3 ЖИТОМИРСЬКОЇ  КЕЧ  СМТ.ОЗЕРНЕ ЖИТОМИРСЬКИЙ Р-Н,0.373,Житомирська
18,110177," ПАТ ""УШИЦЬКИЙ КОМБIНАТ БУДIВЕЛЬНИХ МАТЕРIАЛIВ"" КОРОСТЕНСЬКИЙ Р-Н",0.083,Житомирська
18,5418365," ПАТ ""ПИВО-БЕЗАЛКОГОЛЬНИЙ КОМБIНАТ ""РАДОМИШЛЬ"" М.РАДОМИШЛЬ",0.033,Житомирська
18,3344065," КОМУНАЛЬНЕ ПIДПРИЄМСТВО ""ЖИТОМИРВОДОКАНАЛ"" ЖИТОМИРСЬКОЇ МIСЬКОЇ РАДИ",0.012,Житомирська
18,3343829," КОМУНАЛЬНЕ ПIДПРИЄМСТВО ""КОМУНАЛЬНИК"" м.ОВРУЧ",0.171,Житомирська
18,20417222," КОРОСТИШIВСЬКЕ МIСЬКЕ КОМУНАЛЬНЕ ПIДПРИЄМСТВО ""ВОДОКАНАЛ""",0.47,Житомирська
18,31124620," МIСЬКЕ КОМУНАЛЬНЕ ПIДПРИЄМСТВО ""ВОДОКАНАЛ"" М.РАДОМИШЛЬ",0.004,Житомирська
18,35328136," ЛЮБАРСЬКЕ КОМУНАЛЬНЕ ПIДПРИЄМСТВО ""ДОБРОБУТ""",0.023,Житомирська
18,36575621," КОМУНАЛЬНЕ ПIДПРИЄМСТВО ""ВОДОКАНАЛ"" ЄМIЛЬЧИНСЬКОЇ СЕЛ. РАДИ",0.04,Житомирська
18,35485609, ХОРОШIВСЬКЕ ЖИТЛОВО-КОМУНАЛЬНЕ ПIДПРИЄМСТВО,0.049,Житомирська
18,37155848, ВАКУЛЕНЧУКIВСЬКЕ СЕЛИЩНЕ КОМУНАЛЬНЕ ПIДПРИЄМСТВО ЧУДНIВСЬКИЙ Р-Н,0.093,Житомирська
18,24964524, МАКАРIВСЬКА КВАРТИРНО-ЕКСПЛУАТАЦIЙНАЯ ЧАСТИНА РАЙОНУ  РАДОМИШЛЬСЬКИЙ Р-Н,0.167,Житомирська
18,34747369," КОМУНАЛЬНЕ ПIДПРИЄМСТВО ""ПРОЛIСОК"" НОВОIВНИЦЬКОЇ СIЛЬСЬКОЇ РАДИ",0.053,Житомирська
18,37260273," КОМУНАЛЬНЕ ПIДПРИЄМСТВО ""ДЖЕРЕЛО"" IГНАТПIЛЬСЬКОЇ СIЛЬСЬКОЇ РАДИ",0.012,Житомирська
18,30393828, НОВОБОРОВСЬКЕ ДЕРЖАВНЕ ЖИТЛОВО-КОМУНАЛЬНЕ ПIДПРИЄМСТВО  ХОРОШКІВСЬКИЙ Р-Н,0.043,Житомирська
18,32746557," БЕРЕЗIВСЬКЕ БАГАТОФУНКЦIОНАЛЬНЕ КОМУНАЛЬНЕ ПIД-ВО ""КАСКАД"" ЖИТОМИРСЬКИЙ Р-Н",0.006,Житомирська
18,31434346," ТОВ ""КОМПЛЕКС ЕКОЛОГIЧНИХ СПОРУД"" М.БЕРДИЧIВ",0.318,Житомирська
18,34283298," КОМУНАЛЬНЕ ПIДПРИЄМСТВО ""ГОЛОВИНО-ДОБРОБУТ"" ЧЕРНЯХIВСЬКИЙ Р-Н",0.021,Житомирська
18,24964524,   МАКАРIВСЬКА КЕЧ Р-НУ  ( В/Ч А-3258 М.РАДОМИШЛЬ),0.003,Житомирська
18,37774809," КОМУНАЛЬНЕ ПIДПРИЄМСТВО ""ВОДОКАНАЛ"" ПЕРШОТРАВНЕВОЇ СЕЛ. РАДИ",0.02,Житомирська
21,8438994," ЗТ КЕВ, БАС.Р.ЛАТОРИЦЯ",0.009,Закарпатська
21,36210111," С.МУЖIЄВО, ТОВ""КОТНАР-М""",0.006,Закарпатська
21,37520283," С.БАКТА, КП""ЖКО ГРАНД""",0.016,Закарпатська
21,3344326," М.УЖГОРОД, КП""ВОДОКАНАЛ УЖГОРОД""",1.687,Закарпатська
21,35056062," М.БЕРЕГОВО, ТОВ""ВОДОКАНАЛ КАРПАТВIЗ""",0.393,Закарпатська
21,3344556," М.МУКАЧЕВО, ММКП""МУКАЧIВВОДОКАНАЛ""",0.165,Закарпатська
21,35104655," СМТ.ВОЛОВЕЦЬ, КПВС""ВОДОКАНАЛСЕРВIС""",0.026,Закарпатська
21,34406814," М.ЧОП, МКГ ЖКГ""ТИСА""",0.252,Закарпатська
21,30920038," М.ПЕРЕЧИН, КП""КОМУНАЛЬНИК""",0.179,Закарпатська
21,3344473," СМТ.МIЖГIР'Я, ВУЖКГ",0.117,Закарпатська
21,36428735," М.РАХIВ, КП""РАХIВТЕПЛО""",0.21,Закарпатська
21,3344332," М.ВИНОГРАДIВ, ВУЖКГ",0.575,Закарпатська
21,3344183," М.ТЯЧIВ, ВУЖКГ",0.077,Закарпатська
21,38856617," СМТ.СОЛОТВИНО, КП""ВОДИ СОЛОТВИНА""",0.065,Закарпатська
21,2143364," М.РАХIВ, ВIДДIЛ ОСВIТИ РАХIВСЬКОЇ РДА",0.003,Закарпатська
21,1992654," М.ТЯЧIВ, ВОЗ ТЯЧIВСЬКОЇ РДА",0.005,Закарпатська
21,3191549," С.ВIЛЬШАНИ, ДИТБУДИНОК-IНТЕРНАТ",0.072,Закарпатська
21,432283," М.ХУСТ, ВУЖКГ",0.301,Закарпатська
21,32074563," СМТ.ДУБОВЕ, КП ДУБIВСЬКЕ ПIДПРИЄМСТВО ПО ВОДОПОСТАЧАННЮ",0.043,Закарпатська
21,22115583," СМТ.ВИШКОВО, ВУЖКГ",0.009,Закарпатська
21,31880143," СМТ.КОБЕЛЕЦЬКА ПОЛЯНА, ВЖКП",0.007,Закарпатська
21,31002482," СМТ.БУШТИНО, КП""БУШТИНОСЕРВIС""",0.006,Закарпатська
21,35771408," М.БЕРЕГОВО, ТОВ""ФРУТ МАЙСТЕР ФУДС""",0.005,Закарпатська
21,31147627," С.ОРОСIЕВО, ТОВ""ЧИЗАЙ""",0.007,Закарпатська
23,235814," ПАТ ""ГIДРОСИЛА МЗТГ"" М.МЕЛIТОПОЛЬ",0.006,Запорізька
23,34879497, ТРУДIВСЬКЕ КАР`ЄРОУПРАВЛIННЯ С.ТРУДОВЕ КУЙБИШЕВСЬКИЙ РАЙОН,0.003,Запорізька
23,40081237," СП "" ПАСАЖИРСЬКЕ ВАГОННЕ ДЕПО ЗАПОРIЖЖЯ-1"" М.ЗАПОРIЖЖЯ",0.003,Запорізька
23,41149437," ВП""ЗАП.ТЕР.УПРАВЛIННЯ""Ї ФIЛIЇ ""ЦЕНТР БМР ТА ЕКСПЛ..БУД""  ПАТ",0.051,Запорізька
23,38983006," ТОВ  ""ЗАПОРIЗЬКИЙ ТИТАНО-МАГНIЄВИЙ КОМБIНАТ"" М. ЗАПОРIЖЖЯ",0.553,Запорізька
23,191230," ПАТ ""ЗАПОРIЖСТАЛЬ"" М. ЗАПОРIЖЖЯ",51.81,Запорізька
23,39376884," ТОВ  ""МЕЛIТОПОЛЬСЬКИЙ ОЛIЙНОЕКСТРАЦIЙНИЙ ЗАВОД"" М. МЕЛIТОПОЛЬ",0.032,Запорізька
23,3327090," КП ""ВОДОКАНАЛ""МЕЛIТОПОЛЬСЬКОЇ МIСЬКОЇ РАДИ ЗАПОРIЗЬКОЇ ОБЛАСТІ",3.684,Запорізька
23,3327115," ВАСИЛIВСЬКИЙ  ЕЦВВ КП ""ОБЛВОДОКАНАЛ"" ЗОР М. ВАСИЛIВКА",0.224,Запорізька
23,37692873," КП ""ВОДОКАНАЛ""  К-ДНIПРОВСЬКОЇ РР",0.068,Запорізька
23,32359252," ГКП ВКГ ""МIСЬКВОДОКАНАЛ"" ПМР М. ПОЛОГИ",0.455,Запорізька
23,3188636," КУ""ТАВРIЙСЬКИЙ БУДИНОК IНВАЛIДIВ"" ЗОР ОРIХIВСЬКИЙ РАЙОН",0.047,Запорізька
23,184939," ТДВ ""АВТОПАРК"", М. ЗАПОРIЖЖЯ",0.001,Запорізька
23,3327115," ТАВРIЧ.ЕКСПЛУАТ.ЦЕХ ВОДОПОСТ.ТА ВОДОВIДВЕД.КП ""ЗАПОРIЖЖЯВОДОНАЛ”",0.806,Запорізька
23,30952117," ТОВ ""МЕЛIТОПОЛЬСЬКИЙ ""АВТОГIДРОАГРЕГАТ"" М.МЕЛIТОПОЛЬ",0.009,Запорізька
23,35124781," ВК ""ФРУКТОВЕ"" МЕЛIТОПIЛЬСЬКИЙ Р-Н",0.015,Запорізька
23,35834331," ТОВ ""АГРОПРОIНВЕСТ 08"" ВIЛЬНЯНСЬКИЙ РАЙОН",0.004,Запорізька
23,30382533," ТФ ЗАТ ""РАЙЗ-МАКСИМКО""",0.354,Запорізька
23,8680112," ДП ""ПIДПРИЄМСТВО КАМ""ЯНСЬКА ВК №101 ""ВIЛЬНЯНСЬКОГО Р-НУ",0.054,Запорізька
23,2928203," КЗ  ""ЗАПОРIЗЬКА ОБЛАСНА ШКОЛА ВИЩОЇ СПОРТИВНОЇ МАЙСТЕРНОСТI""",0.013,Запорізька
23,37622628," КП ""БЕРДЯНСЬКВОДОКАНАЛ"" БМР М.БЕРДЯНСЬК",5.702,Запорізька
23,3191259," КУ ""ВЕСЕЛIВСЬКИЙ ПНI"" ЗОР ЗАПОРIЗЬКИЙ РАЙОН",0.013,Запорізька
23,32407360," КП ""БIЛЕНЬКЕ"" ЗАПОРIЗЬКИЙ Р-Н",0.041,Запорізька
23,37391099," ТОВ ""АКИМЖИЛСЕРВIС"" СМТ.ЯКИМIВКА",0.079,Запорізька
23,39811653," ТОВ ""БIЗНЕС ПРОМ IННОВАЦIЯ"" М.ЗАПОРIЖЖЯ",0.002,Запорізька
23,39972828," КП ""ОРIХIВСЬКИЙ ВОДОКАНАЛ"" ОМР ОРIХIВСЬКИЙ РАЙОН",0.141,Запорізька
23,37129069," ТОВ ""РОЗТОРГ НАФТА"" М. ЗАПОРIЖЖЯ",0.003,Запорізька
26,3345834, ВУВКГ СМТ.БОГОРОДЧАНИ,0.089,Івано-Франківська
26,19400280, ВЕРХОВИНСЬКЕ ВКП СМТ ВЕРХОВИНА,0.021,Івано-Франківська
26,33591256," КП ""ГАЛИЧВОДОКАНАЛ"" М.ГАЛИЧ",0.021,Івано-Франківська
26,136490," НГВУ ""ДОЛИНАНАФТОГАЗ"" М.ДОЛИНА",0.087,Івано-Франківська
26,1993457, ЦЕНТРАЛЬНА РАЙЛIКАРНЯ М.ДОЛИНА,0.007,Івано-Франківська
26,8563613, КОЛОМИЙСЬКА ВК-41 С.ТОВМАЧИК,0.015,Івано-Франківська
26,32167199," МКП ""КОСIВМIСЬКВОДОСЕРВIС"" М.КОСIВ",0.068,Івано-Франківська
26,5397373," ДП ""САНАТОРIЙ ""ЧЕРЧЕ"" С.ЧЕРЧЕ РОГАТИНСЬКОГО Р-НУ",0.035,Івано-Франківська
26,33586885," КП ""ТЛУМАЧ-ВОДОКАНАЛ"" С.ГОНЧАРIВКА ТЛУМАЦЬКОГО Р-НУ",0.103,Івано-Франківська
26,20549521," ВОРОХТЯНСЬКА НАВЧ.СПОРТ.БАЗА ""ЗАРОСЛЯК"" СМТ.ВОРОХТА",0.003,Івано-Франківська
26,8563636, ГАЛИЦЬКА ВИПРАВНА КОЛОНIЯ N 128 С.МАРИНОПIЛЬ,0.003,Івано-Франківська
26,13652508," ПАТ ""ЖИВИЦЯ"" СМТ ВИГОДА",0.015,Івано-Франківська
26,8680158," ДП ""ПIДПР-ВО ДОЛИНСЬКОГО ВЦ 118"" С.ТРОСТЯНЕЦЬ ДОЛИНСЬКОГО Р-Н",0.009,Івано-Франківська
26,19400274, ККП СМТ.ГВIЗДЕЦЬ,0.008,Івано-Франківська
26,19399967, ЗАБОЛОТIВСЬКИЙ ККП СМТ.ЗАБОЛОТIВ,0.012,Івано-Франківська
26,30905968," ТОВ ""УНIПЛИТ"" СМТ.ВИГОДА",0.181,Івано-Франківська
26,1993186," ОБЛ. ДИТЯЧИЙ САНАТОРIЙ ""ЯСЕНЬ"" С.ЯСЕНЬ РОЖНЯТIВСЬКОГО Р-НУ",0.001,Івано-Франківська
26,30991580, ПIДПРИЕМСТВО ЖКГ С.ЗАДНIСТРЯНСЬКЕ ГАЛИЦЬКОГО Р-НУ,0.023,Івано-Франківська
26,31067573," ТОВ ""СКОРЗОНЕРА"" С.ПАЛЯНИЦЯ ЯРЕМЧАНСЬКОЇ МIСЬКРАДИ",0.168,Івано-Франківська
26,30497054," ЖКП ""ТЕХНОСЕРВIС"" С.ПЯДИКИ КОЛОМИЙСЬКОГО Р-НУ",0.014,Івано-Франківська
26,20562533," САНАТОРIЙ-ПРОФIЛАКТОРIЙ ""СОКIЛ"" БУРШТИНСЬКОЇ ТЕС С.СОКIЛ ГАЛЬЦЬКИЙ Р-Н",0.024,Івано-Франківська
26,30281318, СОЛОТВИНО ЖКГ,0.004,Івано-Франківська
26,32765297, КП БРОШНIВ-ОСАДСЬКОЇ СЕЛИЩНОЇ РАДИ смт.БРОШНIВ,0.155,Івано-Франківська
26,31075296," ДО ""РЕЗИДЕНЦIЯ ""СИНЬОГОРА"" с.ГУТА",0.01,Івано-Франківська
26,32356196," КП ""СЕЛИЩНЕ КОМУНАЛЬНЕ ПIДПР-ВО"" СМТ.ВОРОХТА",0.015,Івано-Франківська
26,38685825," КП ""СIЛЬСЬКИЙ ВОДНИК"" С. ТУРКА  КОЛОМИЙСЬКИЙ Р-Н",0.005,Івано-Франківська
26,39131614," КП ""ЕКОПОБУТСЕРВIС"" ВОЙНИЛIВСЬКОЇ С.Р. СМТ. ВОЙНИЛIВ КАЛУСЬКИЙ Р-Н",0.006,Івано-Франківська
30,3327664," ПРАТ ""АК ""КИЇВВОДОКАНАЛ""",284.3,Київ
32,307879," КП ""ВАСИЛЬКIВСЬКА ШКIРФIРМА"" м.ВАСИЛЬКIВ",0.994,Київська
32,37917723," КП УЗИНСЬКОЇ МIСЬКОЇ РАДИ ""УЗИНВОДОКАНАЛ"" М.УЗИН",0.185,Київська
32,4601469," ВАТ ""ФАКЕЛ"", м.ФАСТIВ",0.09,Київська
32,36832644," ТОВ ""ЧIПСИ ЛЮКС"" СТ.ПЕТРIВЦI ВИШГОРОДСЬКИЙ Р-Н",0.161,Київська
32,2772037, ВАТ КИЇВСПЕЦТРАНС В.ДМИТРIВКА ОБУХIВСЬКИЙ РАЙОН,0.012,Київська
32,33018727, КПП ГЛЕВАХСЬКА СIЛЬСЬКА РАДА ВАСИЛЬКIВСЬКИЙ Р-Н,0.427,Київська
32,33155734," ТОВ ""ОВОСТАР""С, КАЛИНIВКА МАКАРIВСЬКИЙ Р-Н",0.052,Київська
32,25564175, СП ТОВ НИВА ПЕРЕЯСЛАВЩИНИ С.ПЕРЕЯСЛАВСЬКЕ ПЕРЕЯСЛАВ-ХМЕЛЬНИЦЬКИЙ,0.038,Київська
35,1995054, ЗНАМ'ЯНСЬКА ОБЛАСНА БАЛЬНЕОЛОГIЧНА ЛIКАРНЯ,0.024,Кіровоградська
35,5398740," ОКВП ""ДНIПРО-КIРОВОГРАД"" ЗНАМ'ЯНСЬКЕ ВКГ",0.676,Кіровоградська
35,34200667," КП ""ОБЕРIГ"" СМТ.ОЛЕКСАНДРIВКА",0.042,Кіровоградська
35,33124135," КП ""МАЛА ВИСКА ВОДОКАНАЛ""",0.055,Кіровоградська
35,34262959," КП ""НIЛОТ"" СМТ.ДОБРОВЕЛИЧКIВКА",0.034,Кіровоградська
35,32537046," БОБРИНЕЦЬКЕ МКП ""МIСЬКВОДОКАНАЛ""",0.051,Кіровоградська
35,23221436, НОВОУКРАIНСЬКЕ ЖКП,0.07,Кіровоградська
35,32443021," ДКП ""КОМУНАЛЬНИК"" СМТ.ОНУФРIIВКА",0.008,Кіровоградська
35,1995166," КЗ ""КIРОВОГРАДСЬКА ОБЛ.ПСИХЛIКАРНЯ""",0.024,Кіровоградська
35,22220950, НОВГОРОДКIВСЬКА ЛIНIЙНА ДIЛЬНИЦЯ,0.019,Кіровоградська
35,24153091," СМОЛIНСЬК ВКГ ОКВП ""ДНIПРО-КIРОВОГРАД""",0.3,Кіровоградська
35,1995137, ГОЛОВАНIВСЬКА РАЙОННА ЛIКАРНЯ,0.011,Кіровоградська
35,31754698," ЖКП ""ОБРIЙ""С.КАТЕРИНIВКА",0.007,Кіровоградська
35,8563803, ПЕТРIВСЬКА ВК -49 С.Н.СТАРОДУБ,0.007,Кіровоградська
46,20801937," КП ""БРОДИВОДОКАНАЛ""",0.519,Львівська
46,20827575, БУСЬКЕ ПIДПРИЄМСТВО ВОДОПРОВIДНО-КАНАЛIЗАЦIЙНОГО ГОСПОДАРСТВА,0.095,Львівська
46,2592022," ДОЧ.П. ""САНАТОРIЙ ""ЛЮБIНЬ ВЕЛИКИЙ"" ЗАТ ЛIК.-ОЗДОРОВ. ЗАК",0.014,Львівська
46,240158," ПАТ ""ДРОГОБИЦЬКИЙ ЗАВОД АВТОМОБIЛЬНИХ КРАНIВ""",0.025,Львівська
46,5762281," ПАТ ""СТЕБНИЦЬКЕ ГIРНИЧО-ХIМIЧНЕ ПIДПРИЄМСТВО ""ПОЛIМIНЕРАЛ""",0.024,Львівська
46,33086713," ТЗОВ ""ТРУСКАВЕЦЬКИЙ ВОДОКАНАЛ""",0.811,Львівська
46,136863," ТЗДВ ""БОРИСЛАВСЬКИЙ ЕКСПЕРИМЕНТАЛЬНИЙ ЛИВАРНО-МЕХАНIЧНИЙ ЗАВОД”",0.223,Львівська
46,20794427," КП ""КАМ`ЯНКАВОДОКАНАЛ""",0.186,Львівська
46,493735, ЛЬВIВСЬКИЙ НАЦIОНАЛЬНИЙ АГРАРНИЙ УНIВЕРСИТЕТ,0.174,Львівська
46,33894357," ЛЬВIВСЬКА ФIЛIЯ ДНУ ""УНДIПВТТ ДЛЯ С/Г ВИРОБНИЦТВА IМ. ПОГОРIЛЬСКОГО”",0.011,Львівська
46,293025," ПАТ ""МИКОЛАЇВЦЕМЕНТ""",0.233,Львівська
46,25231485," МКП ""ПЕРЕМИШЛЯНИВОДОКАНАЛ""",0.13,Львівська
46,33465198," КП ""РАДЕХIВСЬКЕ ВКГ""",0.27,Львівська
46,5514293, САМБIРСЬКЕ ВИРОБ. УПРАВ. ВОДОПРОВIДНО-КАНАЛIЗАЦ. ГОСПОДАРСТВА,0.652,Львівська
46,32747220, СЛАВСЬКЕ КОМУНАЛЬНЕ ВОДОКАНАЛIЗАЦIЙНЕ ПIДПРИЄМСТВО,0.035,Львівська
46,20845840, СОКАЛЬСЬКЕ МКП ВОДОПРОВIДНО-КАНАЛIЗАЦIЙНОГО ГОСПОДАРСТВА,0.989,Львівська
46,5452310, КП ЖКГ ВЕЛИКОМОСТIВСЬКОЇ МIСЬКОЇ РАДИ,0.079,Львівська
46,37199618, БОРОКСЬКЕ МПД № 12 ДЕРЖАВНОГО ПIДПРИЄМСТВА СПИРТОВОЇ ТА ЛIКЕРО-ГОРІЛЬЧАНОЇ ПРОМИСЛОВОСТІ”,0.076,Львівська
46,5932968," КП ""СТРИЙВОДОКАНАЛ""",1.74,Львівська
46,31475513, ПЖКГ МОРШИНСЬКОЇ МIСЬКОЇ РАДИ,0.458,Львівська
46,152402," ДП ""ДАШАВСЬКИЙ ЗАВОД КОМПОЗИЦIЙНИХ МАТЕРIАЛIВ""",0.021,Львівська
46,33073442," ДП ""МIЖНАРОДНИЙ АЕРОПОРТ ""ЛЬВIВ""  IМ. ДАНИЛА ГАЛИЦЬКОГО",0.112,Львівська
46,3348471," ЛМКП ""ЛЬВIВВОДОКАНАЛ""",61.48,Львівська
46,35148383," КП ""ОБРОШИН""",0.081,Львівська
46,153100," ХIДНОВИЦЬКИЙ ЦВ НГГК ФIЛIЇ ""ГПУ ""ПОЛТАВАГАЗВИДОБ."" ПАТ ""УКРГАЗВИДОБУВАННЯ”",0.002,Львівська
46,291144," ТЗОВ ""РОЗВАДIВ БУДМАТЕРIАЛИ""",0.034,Львівська
46,31490044," КП ""ПУСТОМИТИВОДОКАНАЛ""",0.166,Львівська
46,20794427," КП ""КАМ`ЯНКАВОДОКАНАЛ""  (СМТ. НОВИЙ ЯРИЧIВ)",0.012,Львівська
46,34928161," ТЗОВ ""ЯРИЧIВ""",0.002,Львівська
46,153100," ХIДНОВИЦЬКИЙ ЦВНГК  ГПУ ""ЛЬВIВГАЗВИДОБУВАННЯ"" ПАТ ""УКРГАЗВИД",0.019,Львівська
46,           ," ПВ ПУСТОМИТIВСЬКОГО Р. (ПIДБIРЦI, ОБРОШИНО, ЩИРЕЦЬ, ЛАПАЇВКА",0.002,Львівська
46,267223," ПВ СТ. ГОРОДОК ВП ""ЛЬВIВ. ДИСТ. ВОДОПОС."" ДТГО ""ЛЬВIВСЬКА ЗАЛІЗНИЦЯ”",0.009,Львівська
46,3348809," МКП ""МИКОЛАЇВВОДОКАНАЛ""",0.351,Львівська
46,854400," ПАТ ""АГРОФIРМА ""ПРОВЕСIНЬ""",0.001,Львівська
46,185347," КП ""ЧЕРВОНОГРАДВОДОКАНАЛ""",0.747,Львівська
46,8439994, КЕВ М. МУКАЧЕВО  ЗАХ. ТЕРИТОР. КВАРТИР.-ЕКСПЛУАТАЦIЙНОГО УПРАВЛІННЯ,0.094,Львівська
46,35259622, РАЛIВСЬКЕ УПРАВЛIННЯ ЖИТЛОВО-КОМУНАЛЬНОГО ГОСПОДАРСТВА-1,0.03,Львівська
46,7930854, ЯВОРIВСЬКА КЕЧ РАЙОНУ,0.118,Львівська
46,30124106, КП ЛОПАТИНСЬКОЇ СЕЛИЩНОЇ РАДИ,0.018,Львівська
46,22358363," КП ""НЕСЛУХIВ""",0.003,Львівська
46,3348809," МКП ""МИКОЛАЇВВОДОКАНАЛ"" (С. ЛИПIВКА)",0.024,Львівська
46,31358171," ТЗОВ ""ЛЕОНI ВАЕРIНГ СИСТЕМС УА ГМБХ""",0.065,Львівська
46,33080156," КП ""РАВА-РУСЬКЕ БУДИНКОУПРАВЛIННЯ № 2""",0.101,Львівська
46,35413749," ТЗОВ ""ЕНЕРГIЯ -ТЕПЛОВОДСЕРВIС""",0.231,Львівська
46,20794427," КП ""КАМ`ЯНКАВОДОКАНАЛ"" (СМТ. ЗАПИТIВ)",0.011,Львівська
46,23975773," ТЗОВ ""ПАРТНЕРИ""",0.001,Львівська
46,33088252," ТЗОВ ""ЗОЛОТА БАНЯ""",0.064,Львівська
46,32993129,"""ЕН ДЖІ МЕТАЛ УКРАЇНА"" КОМПАНІЇ Н.ГРАВЕРСЕН МЕТАЛВАРЕФАБРІК А/С
",0.003,Львівська
46,30769965," КП ""ГОСПОДАРНИК""",0.019,Львівська
46,           ," МППАС ""ШЕГИНI"" ЛЬВIВСЬКОЇ МИТНИЦI ДФС УКРАЇНИ",0.014,Львівська
46,           ," МППАС ""КРАКIВЕЦЬ"" ЛЬВIВСЬКОЇ МИТНИЦI ДФС УКРАЇНИ",0.02,Львівська
46,35653701," КП ""ДАВИДIВСЬКЕ""",0.042,Львівська
46,35344068," КП ""ВОЛЯ-ВИСОЦЬКЕ КГ ""ВИТЯЗЬ""",0.009,Львівська
46,33505963," ТЗОВ ""ТОВАРИСТВО З IНОЗЕМНИМИ IНВЕСТИЦIЯМИ ""ГОРАРИ""",0.01,Львівська
46,4371489, ДЕРЖIВСЬКА СIЛЬСЬКА РАДА,0.002,Львівська
46,25240099," ПП ""ФОРУМ-2""",0.004,Львівська
46,33622032," ТЗОВ ""АКО IНДАСТРIС""",0.007,Львівська
46,25237849," ДП ""ПЛАЙ""",0.004,Львівська
46,33694992," ТЗОВ ""ПАРАДIС СЕРВIС"" ГОТЕЛЬНИЙ КОМПЛ. З ЛIКУВ.ВЛАСТИВОСТЯМИ",0.013,Львівська
46,31487623," ПРИВАТНА ВИРОБНИЧА ФIРМА ""М'ЯСОПРОМ""",0.008,Львівська
46,35173399," ТЗОВ ""АГРАРНА ПЕРСПЕКТИВА"" С. ВОЛИЦЯ  МОСТИСЬКИЙ Р-Н",0.025,Львівська
46,34754711," ПП ""КАПIТАЛЬНЕ БУДIВНИЦТВО I РЕМЕНТ""",0.054,Львівська
46,24298033, БУДИНКОУПРАВЛIННЯ №1 ЯВIРСЬКОЇ КЕЧ,0.032,Львівська
48,31448144," МКП ""МИКОЛАЇВВОДОКАНАЛ""",20.31,Миколаївська
48,40341163," МКП ""ОЧАКIВВОДОКАНАЛ""",0.239,Миколаївська
48,33089321," КП ""ПЕРВОМАЙСЬКИЙ МIСЬКИЙ ВОДОКАНАЛ""",1.244,Миколаївська
48,31529081," КП ""МIСЬКВОДОКАНАЛ"" (М.БАШТАНКА)",0.365,Миколаївська
48,37307321," КП ""ОЛЬШАНСЬКЕ""",0.158,Миколаївська
48,35916204," КП ""ПРИБУЗЬКЕ""",0.041,Миколаївська
51,33113076," КIЛIЙСЬКИЙ СУДНОБУДIВЕЛЬНО-СУДНОРЕМОНТНИЙ ЗАВОД"" ПРАТ ""УДП""",0.017,Одеська
51,25040503," ТОВ СП ""АКВАВIНТЕКС""  С.В.ДОЛИНА ОВIДIОПIЛЬСЬКИЙ Р-Н",0.005,Одеська
51,35581810," КП ""ОКНЯНСЬКИЙ КОМУНАЛЬНИК"" СМТ.ОКНИ",0.019,Одеська
51,34108926," КП ""АНАНЬЇВ-ВОДОКАНАЛ"" М.АНАНЬЇВ",0.029,Одеська
51,3350444," КП ""ВУЖКГ"" СМТ.ТАРУТИНО",0.067,Одеська
51,3350338, ВУЖКГ М.БIЛЯЇВКА,0.114,Одеська
51,3350597, ВУЖКГ СМТ.БЕРЕЗIВКА,0.055,Одеська
51,30615813," КВЄП ""КОТОВСЬКВОДОКАНАЛ"" М.ПОДIЛЬСЬК",0.638,Одеська
51,20937068," КП ""Б.-ДНIСТРОВСЬКВОДОКАНАЛ"" М.Б.-ДНIСТРОВСЬКИЙ",1.469,Одеська
51,32319458," КП ""СВIТЛО"" М.КIЛIЯ",0.147,Одеська
51,26472133," ТОВ ""ФIЛIЯ ""IНФОКСВОДОКАНАЛ"" М.ОДЕСА",10.34,Одеська
51,           , СГП КIЛIЙСЬКОГО Р-НУ,1.245,Одеська
51,30704515," СВК ""МАЯК""  М.КIЛIЯ",14.34,Одеська
51,3889221," ТОВ ""БЛАКИТНА НИВА-2005"" М.КIЛIЯ",0.12,Одеська
51,25032395," КУЧУРГАНСЬКА ФIЛIЯ ВАТ""ОД.КОНСЕРВН.ЗД ДИТЯЧОГО ХАРЧУВАННЯ""С. КУЧУРГАН",0.264,Одеська
51,31250097," МКП ""ТЕПЛОДАРВОДОКАНАЛ"" М.ТЕПЛОДАР",0.289,Одеська
51,32352170," ДП ""СКО ""КАРОЛIНО-БУГАЗ"" ""ЗОЛОТI ПIСКИ"" СМТ.ЗАТОКА Б.-ДНЕСТР",0.004,Одеська
51,32795506," КП ""ВОДОКАНАЛ"" М.АРЦИЗ",0.215,Одеська
51,31378219," КП ""ВОДОПОСТАЧАЛЬНИК"" М.ТАТАРБУНАРИ",0.048,Одеська
51,35452222," КП ""НАБЕРЕЖНЕ""БIЛЯЇВСЬКИЙ Р-Н С.НАБЕРЕЖНЕ",0.04,Одеська
51,1981997," ДСС ""ЗАТОКА"" СМТ ЗАТОКА Б-ДНIСТРОВСЬКИЙ Р-Н",0.011,Одеська
51,32179991," ПП ""ВIТЯЗЬ"" М.КIЛIЯ",0.644,Одеська
51,3769497," СВК ""ДРУЖБА"" С.МИРНЕ КIЛIЙСЬКИЙ Р-Н",2.261,Одеська
51,32429562," КП ""КОДИМАКОМУНСЕРВIС"" М.КОДИМА",0.053,Одеська
51,38052495," КП ""САРАТА КОМУНСЕРВIС"" СМТ САРАТА",0.051,Одеська
51,37801659," КП ""ПРОЛIСОК-1"" СМТ IВАНIВКА",0.012,Одеська
51,39713334," КП""ЛИМАНКОМУНСЕРВIС"" СМТ ЛИМАНСЬКЕ РОЗДIЛЬНЯНСЬКИЙ Р-Н",0.009,Одеська
51,34220311," КП""БАЛТАВОДОКАНАЛ"" М.БАЛТА",0.151,Одеська
53,41289754," КОМУНАЛЬНЕ ПIДПРИЄМСТВО ""ГЛОБИНСЬКЕ"" ГМР, М. ГЛОБИНЕ",0.009,Полтавська
53,36770447," КП ""ЛУБНИ-ВОДОКАНАЛ"" ЛМР,  М. ЛУБНИ",0.415,Полтавська
53,31609905,ЖИТЛОВО-КОМУНАЛЬНЕ ПІДПРИЄМСТВО С. ПЕТРІВКА-РОМЕНСЬКА ГАДЯЦЬКОГО РАЙОНУ ПОЛТАВСЬКОЇ ОБЛАСТІ,0.027,Полтавська
53,3361661," МАШIВСЬКА ДIЛЬНИЦЯ  КП ""ПОЛТАВАВОДОКАНАЛ"" ПОР, СМТ. МАШIВКА",0.057,Полтавська
53,21067735," ПИРЯТИНСЬКI ГОСПРОЗРАХУНКОВI ОЧИСНI СПОРУДИ, М. ПИРЯТИН",0.636,Полтавська
53,3361661," КАРЛIВСКА ДIЛЬНИЦЯ КП ""ПОЛТАВАВОДОКАНАЛ"" ПОР, М. КАРЛIВКА",0.258,Полтавська
53,31728762," КП ""ЖЕО ""ТЕРЕШКIВСЬКОЇ С/Р"", С. ТЕРЕШКИ ПОЛТАВСЬКИЙ РАЙОН",0.102,Полтавська
53,31082371," СКП  ""СЯЙВО"",  С. ЗАСУЛЛЯ  ЛУБЕНСЬКИЙ РАЙОН",0.036,Полтавська
53,39418096," ТОВ ""ОРЖИЦЬКИЙ МОЛОКОЗАВОД"", С.ЗАРIГ ОРЖИЦЬКИЙ РАЙОН",0.028,Полтавська
56,1999788, ДУБРОВИЦЬКА ЦЕНТРАЛЬНА РАЙОННА ЛIКАРНЯ,0.02,Рівненська
56,8680715, ПОЛИЦЬКА ВИПРАВНА КОЛОНIЯ №76 ВОЛОДИМИРЕЦЬКИЙ РАЙОН С.IВАНЧІ,0.021,Рівненська
56,22585030," КП ""КОСТОПIЛЬВОДОКАНАЛ""",0.492,Рівненська
56,35708362," КП ""ДУБРОВИЦЯВОДОКАНАЛ""",0.102,Рівненська
56,30925565," КП ""АКВА"" СМТ.ВОЛОДИМИРЕЦЬ",0.129,Рівненська
56,24176488," ДКП ""РОКИТНЕВОДОКАНАЛ""",0.02,Рівненська
56,13995220, ДЕМИДIВСЬКЕ ВУЖКГ,0.024,Рівненська
56,725463," ""МИРОГОЩАНСЬКИЙ АГРАРНИЙ КОЛЕДЖ "" ДУБЕНСЬКИЙ РАЙОН С.МИРОГОЩ",0.03,Рівненська
56,4754871," САНАТОРIЙ ""ХРIННИКИ"" ДЕМИДIВСЬКИЙ РАЙОН С.ХРIННИКИ",0.001,Рівненська
56,30394203, ОРЖIВСЬКЕ ВУЖКГ,0.096,Рівненська
56,31542385," КП ""ВОДОКАНАЛ"" М.ОСТРОГ",0.16,Рівненська
56,30536302, КМКП М.КУЗНЕЦОВСЬК,2.673,Рівненська
56,3352142," КП ""БЕРЕЗНЕВОДОКАНАЛ"" М.БЕРЕЗНЕ",0.17,Рівненська
56,32404202," КП ""ЕКОСЕРВIС"" М.САРНИ",0.397,Рівненська
56,35190220," ТЗОВ ""ХМИЗИ-СЕРВIС"" М.КОСТОПIЛЬ",0.029,Рівненська
56,36278206," КП ""КОРЕЦЬЖИТЛОВОДОКАНАЛ"" М.КОРЕЦЬ",0.025,Рівненська
56,36647060," ТЗОВ ""ЗАВОД МЕТАЛЕВИХ ВИРОБIВ"" М.САРНИ",0.011,Рівненська
56,37344625," КП ""КОМУНАЛЬНИК"" М.РАДИВИЛIВ",0.098,Рівненська
59,5766356," ПАТ ""СУМИХIМПРОМ"", М.СУМИ",2.482,Сумська
59,6711512," ОФ ТОВ  ""БРОК-ЕНЕРГIЯ"", М.ОХТИРКА",0.005,Сумська
59,39580318," ТОВ ""БУРИНСЬКИЙ МОЛОКОЗАВОД"", М. БУРИНЬ",0.065,Сумська
59,8565078," РОМЕНСЬКА ВК N56, С.ПЕРЕХРЕСТIВКА, РОМЕНСЬКИЙ Р-Н",0.021,Сумська
59,8565064," ШОСТКИНСЬКА ВК N66, С.ГАМАЛIЇВКА, ШОСТКИНСЬКИЙ Р-Н",0.027,Сумська
59,3352455," КП ""МIСЬКВОДОКАНАЛ"", М.СУМИ",12.63,Сумська
59,3352935, ВУВКГ М.ШОСТКА,4.029,Сумська
59,32194437," КП ""БУРИНЬ-ТЕПЛОСЕРВIС"", М.БУРИНЬ",0.056,Сумська
59,36079955," ТОВ ""ВОДОЛIЙ-БС"", СМТ.ЯМПIЛЬ",0.057,Сумська
59,21103081," КП ""ВОДОКАНАЛ"", М.ЛЕБЕДИН",0.073,Сумська
59,14025535," ПIДПРИЄМСТВО ""ТРОСТЯНЕЦЬКОМУНСЕРВIС"", М.ТРОСТЯНЕЦЬ",0.212,Сумська
59,22984356," КП СЕРЕДИНО-БУДСЬКА ЖРЕД, СМТ.СЕРЕДИНА-БУДА",0.055,Сумська
59,33246103," КП ЖКГ ""ЛИПОВОДОЛИНСЬКЕ"", СМТ. Л.ДОЛИНА",0.022,Сумська
59,13996403," КП ""ГОСПОДАР"", СМТ.ХОТIНЬ, СУМСЬКИЙ Р-Н",0.012,Сумська
59,33370269," ПАТ ""ОХТИРСЬКИЙ СИРКОМБIНАТ"" ПП ""РОСЬ"", М. ОХТИРКА",0.017,Сумська
59,33107963," ЗАТ ""СБК"", С.ПЛАВИНИЩЕ, РОМЕНСЬКИЙ Р-Н",0.021,Сумська
59,31766074," ДП ""СТОК-СЕРВIС"" ПП ""ЕЛIПС"", М.РОМНИ",0.875,Сумська
59,31952165," ДКП ""НЕДРИГАЙЛIВВОДОСЕРВIС"", НЕДРИГАЙЛIВСЬКИЙ Р-Н",0.038,Сумська
59,32024017," ТОВ ""ТЕПЛОЕНЕРГО"", СМТ.КРАСНОПIЛЛЯ",0.038,Сумська
59,23868186," ФОП ШКАРУПА О.В., С.САД, СУМСЬКИЙ Р-Н",0.033,Сумська
59,33429825," КП ""ВОДОКАНАЛ"", М.БIЛОПIЛЛЯ",0.177,Сумська
59,3352716," ВУВКГ, М.КОНОТОП",2.088,Сумська
61,2000435," БЕРЕЖАНСЬКА ЦРК ЛIКАРНЯ, м.БЕРЕЖАНИ",0.006,Тернопільська
61,31274165," МКП ""ДОБРОБУТ"", м.БЕРЕЖАНИ",0.155,Тернопільська
61,36084902," КП ""ПIДГАЙЦI-ВОДОКАНАЛ"", м.ПIДГАЙЦI",0.03,Тернопільська
61,32517370," ДП ""ТЕХНIКА"", м.БОРЩIВ",0.125,Тернопільська
61,30811696," ЗАТ ""БУЧАЦЬКИЙ СИРЗАВОД"", м.БУЧАЧ",0.007,Тернопільська
61,3353207," БУЧАЦЬКИЙ ККП, м.БУЧАЧ",0.119,Тернопільська
61,2000582, ЛIКУВАЛЬНI УСТАНОВИ ГУСЯТИНСЬКОГО РАЙОНУ,0.014,Тернопільська
61,36979181," КП ""ВОДОКАНАЛ-СЕРВIС"", смт.ГУСЯТИН",0.078,Тернопільська
61,8564475," КОПИЧИНЕЦЬКА ВК-112, м.КОПИЧИНЦI",0.017,Тернопільська
61,37399681," ПП ""КОМУНАЛЬНИК-ПЛЮС"", м.ЗАЛIЩИКИ",0.082,Тернопільська
61,31973452," МКП ""ЗБАРАЖ"", м.ЗБАРАЖ",0.148,Тернопільська
61,8564489," ЗБАРАЗЬКА ВК-63, с.ДОБРИВОДИ",0.008,Тернопільська
61,35846237," КП ""ЗБОРIВСЬКИЙ ВОДОКАНАЛ"", м.ЗБОРIВ",0.131,Тернопільська
61,35452861," ""КОЗОВА КОМУНСЕРВIС"", смт.КОЗОВА",0.097,Тернопільська
61,32291616," КП ""МIСЬКВОДГОСП"", м.КРЕМЕНЕЦЬ",0.315,Тернопільська
61,3353816," ПОЧАЇВСЬКИЙ ККП, м.ПОЧАЇВ",0.054,Тернопільська
61,31966157," КП ПО БЛАГОУСТРОЮ ЛАНОВЕЦЬКОЇ МIСЬКРАДИ, м.ЛАНIВЦI",0.065,Тернопільська
61,2000903," ЛАНОВЕЦЬКА ЦКР ЛIКАРНЯ, м.ЛАНIВЦI",0.014,Тернопільська
61,3353800,"  ПIДВОЛОЧИСЬКЕ УЖКГ, смт.ПIДВОЛОЧИСЬК",0.137,Тернопільська
61,31273711," МКП ""КОМУНАЛЬНИК"", м.СКАЛАТ",0.011,Тернопільська
61,30919609," КП ""МОНАСТИРИСЬКИЙ КОМУНСЕРВIС"", м.МОНАСТИРИСЬКА",0.024,Тернопільська
61,36338715," МОНАСТИРИСЬКА ЦКР ЛIКАРНЯ, м.МОНАСТИРИСЬКА",0.002,Тернопільська
61,36023766," ТЕРЕБОВЛЯНСЬКИЙ ККП, м.ТЕРЕБОВЛЯ",0.159,Тернопільська
61,907438," ВАТ ""БУЛАТ"", смт.МИКУЛИНЦI",0.017,Тернопільська
61,31877324," ПМП ""КОМУНСЕРВIС"", смт.МИКУЛИНЦI",0.047,Тернопільська
61,2001038, МИКУЛИНЕЦЬКА ОБЛАСНА ФIЗИОТЕРАПЕВТИЧНА ЛIКАРНЯ РЕАБIЛIТАЦIЇ,0.033,Тернопільська
61,3353851," ЧОРТКIВСЬКЕ В У В К Г, м.ЧОРТКIВ",0.521,Тернопільська
61,34043157," КП ""ШУМСЬК КОМУНСЕРВIС"", смт.ШУМСЬК",0.038,Тернопільська
61,34581427," БУЧАЦЬКИЙ КОЛЕДЖ ПОДIЛЬСЬКОГО АТУ, с.ТРИБУХIВЦI",0.024,Тернопільська
61,21162244," ВАТ ""САНАТОРIЙ ""МЕДОБОРИ"", с.КОНОПКIВКА",0.053,Тернопільська
61,36974707," ДРУЖБIВСЬКИЙ ККП, смт.ДРУЖБА",0.021,Тернопільська
61,37601414," КП ""ДОБРОБУТ"", смт.В.БIРКИ",0.015,Тернопільська
61,31299750," ВЕЛИКОГАЇВСЬКИЙ СIЛЬКОМУНГОСП, с. В.ГАЇ",0.011,Тернопільська
61,34852936," ТОВТСТЕНСЬКЕ КП, смт. ТОВСТЕ",0.012,Тернопільська
61,34699310," ПП ""АГРОСПЕЦГОСП""",0.014,Тернопільська
63,5808853," ПАТ  ""ХАРКIВСЬКИЙ ПIДШИПНИКОВИЙ З-Д""",0.088,Харківська
63,14315500," ДП ""ХАРКIВСЬКИЙ ПРИЛАДОБУДIВНИЙ ЗАВОД IМ.Т.Г.ШЕВЧЕНКА""",0.051,Харківська
63,373250," ПРАТ  ""ПЕРВУХIНСЬКИЙ ЦУКРОЗАВОД"" БОГОДУХIВСЬКИЙ Р-Н",0.348,Харківська
63,375250," ДП  ""IВАШКIВСЬКИЙ СПИРТЗАВОД"" ЗОЛОЧIВСЬКИЙ Р-Н",0.006,Харківська
63,383231," ПрАТ "" ФIЛIП МОРРIС УКРАЇНА"" М.ХАРКIВ",0.021,Харківська
63,5466186," КРАСНОГРАДСЬКЕ КП ""ВОДОКАНАЛ""",0.385,Харківська
63,34473807," КП ""ВОДА"" ВАЛКIВСЬКОЇ РАЙОННОЇ РАДИ",0.073,Харківська
63,21252504," ""НОВОВОДОЛАЗЬКЕ ВКП"",  СМТ.Н.ВОДОЛАГА",0.092,Харківська
63,33258999," КП  ""БОГОДУХIВВОДА""",0.035,Харківська
63,24673063, IЗЮМСЬКЕ КВКП,0.835,Харківська
63,2001771," КЗОЗ  ОБЛАСНИЙ ТУБСАНАТОРIЙ ""ЗАНКИ"" ЗМIЇВСЬКИЙ Р-Н",0.016,Харківська
63,2648432," ДП КС  ""САНАТОРIЙ БЕРМIНВОДИ"" ДЕРГАЧIВСЬКИЙ Р-Н",0.127,Харківська
63,3189660," КУ ХОРОШЕВСЬКИЙ ГЕРIАТРИЧНИЙ ПАНСIОНАТ"" С.ХОРОШЕВО",0.037,Харківська
63,4591423," КЗ ""ЛЮБОТИНСЬКА СПЕЦIАЛIЗОВАНА ШКОЛА-IНТЕРНАТ ""ДИВОСВIТ""",0.025,Харківська
63,7904041," ДП ""ХАРКIВСЬКИЙ ЗАВОДСПЕЦIАЛЬНИХ МАШИН""",0.017,Харківська
63,5521608," ТОВ ""КАРАВАНСЬКИЙ ЗАВОД КОРМОВИХ ДРIЖДЖIВ""",0.027,Харківська
63,30039194, БОРIВСЬКЕ КВ ВКП,0.073,Харківська
63,21183364, ВККУ ЛЮБОТИНСЬКОЇ МIСЬКОЇ РАДИ,0.089,Харківська
63,22714272, ПЕРВОМАЙСЬКЕ КПУВКГ,0.735,Харківська
63,3361715," КП  ""ХАРКIВВОДОКАНАЛ""",0.015,Харківська
63,8680906," ДП ""ПIДПРИЄМСТВО ДЕРЖАВНОЇ КРИМIНАЛЬНО-ВИКОНАВЧОЇ СЛУЖБИ УКРАЇНИ”",0.097,Харківська
63,8564618,ПОКРОВСЬКА ВИПРАВНА КОЛОНІЯ (№17) - СПЕЦІАЛІЗОВАНА ТУБЕРКУЛЬОЗНА ЛІКАРНЯ,0.062,Харківська
63,30142319," ТОВ ""ПРИКОЛОТНЯНСЬКИЙ ОЕЗ""ВЕЛИКОБУРЛУЦЬКИЙ Р-Н",0.168,Харківська
63,3189558, КУ БОГОДУХIВСЬКИЙ ДИТЯЧИЙ БУДИНОК-IНТЕРНАТ,0.016,Харківська
63,31502976," ТОВ ""БIЛДIНГ-СЕРВIС1"" ЗМIЇВСЬКИЙ Р-Н",1,Харківська
63,32449112, КП ЗОЛОЧIВСЬКЕ РАЙОННЕ ЖКГ,0.012,Харківська
63,31580897," ТОВ ""ЕКОЛОГIЯ""",0.054,Харківська
63,32859154," КП ""ДЖЕРЕЛО"", М.КРАСНОКУТСЬК",0.039,Харківська
63,32858894, КОЧЕТОЦЬКЕ ВКП ВОДОПРОВОДНО-КАНАЛIЗАЦIЙНОГО ГОСПОДАРСТВА,0.06,Харківська
63,32565419," ТОВ ""ЛОЗIВСЬКИЙ КОВАЛЬСЬКО-МЕХАНIЧНИЙ ЗАВОД""",0.295,Харківська
63,3361721," ФIЛIЯ ""БАРВIНКIВСЬКЕ ПIДПРИЄМСТВО КОМУНАЛЬНОГО ГОСПОДАРСТВА""",0.019,Харківська
63,3361721," ФIЛIЯ ""ШЕВЧЕНКIВСЬКЕ ПIДПР-ВО ЖИТЛОВО-КОМУНАЛЬНОГО ГОСП-ВА""",0.031,Харківська
63,34445649," ТОВ ""СТРIЛЕЧА ВОДОКАНАЛ, ЖИТЛО, ПОБУТСЕРВIС"", ХАРКIВСЬКИЙ Р-Н",0.031,Харківська
63,34793588," КП ""ПРОХОДIВСЬКЕ ДЖЕРЕЛО"", ДЕРГАЧIВСЬКИЙ Р-Н",0.009,Харківська
63,2908006665," ФОП ЗУЄВА К.А. (ТУР.КОМПЛЕКС ""ДОНЕЦЬКИЙ ЮРТ"" IЗЮМСЬКИЙ Р-Н",0.002,Харківська
63,25616920, ЛЮБОТИНСЬКЕ БМЕУ№387,0.001,Харківська
63,36555336," КП ""ЧУГУЇВВОДА""",0.831,Харківська
63,2826721791," ФОП ЧЕРНОВ А.С., КРАСНОКУТСЬКИЙ Р-Н",0.08,Харківська
63,30753688," ПРАТ ""КОЛОС"", ДЕРГАЧIВСЬКИЙ Р-Н",0.041,Харківська
63,37346355," КП ""ТЕПЛОВОДСЕРВIС"", ЛОЗIВСЬКИЙ Р-Н",0.091,Харківська
63,37948510," КП ""БУДИ ВОДОКАНАЛ"", ХАРКIВСЬКИЙ Р-Н",0.081,Харківська
63,37083454," КП ""ЗМIЇВ-СЕРВIС"", ЗМIЇВСЬКИЙ РАЙОН",0.194,Харківська
63,2878908731," ФОП КОНСТАНТИНОВ О.А., М.ХАРКIВ",0.58,Харківська
63,32761156," ПП ""АЛГОЛ-2003"", М.ХАРКIВ",0.005,Харківська
63,39402730," КП ""КОМУНЕНЕРГО"", ХАРКIВСЬКИЙ  Р-Н",0.184,Харківська
63,40574323," КП ""ВОДА ЕСХАРА"", ЧУГУЇВСЬКИЙ Р-Н",0.178,Харківська
63,40306197," КП ""САЛТIВВОДОКАНАЛ"", ВОВЧАНСЬКИЙ Р-Н",0.014,Харківська
63,39205649," ТОВ ""ПРОСТОРИ СЛОБОЖАНЩИНИ"".М.ХАРКIВ",0.33,Харківська
63,5521531," ТОВ ""IЗЮМРИБА"",",2.055,Харківська
63,32335218," КП ОБЛАСНИЙ IНФОРМАЦIЙНО-ТЕХНIЧНИЙ ЦЕНТР ,М.ХАРКIВ",0.013,Харківська
63,41405835," КП ""ТЕПЛОВI МЕРЕЖI РОГАНСЬКОЇ СЕЛЬРАДИ"", ХАРКIВСЬКИЙ Р-Н",0.126,Харківська
63,41149437," ВП ""СУМСЬКЕ ТЕРИТОРIАОЛЬНЕ УПРАВЛIННЯ "" ФIЛIЇ ""БМЕС"" ПАТ ""УКРАЇНСЬКА ЗАЛІЗНИЦЯ”",0.001,Харківська
63,41390693," КП ""АКВА"" ШЕВЧЕНКIВСЬКОЇ СIЛЬРАДИ",0.023,Харківська
65,32503478," КП ""ОЧИСНI СПОРУДИ"",М.СКАДОВСЬК",0.327,Херсонська
65,30924247," ФГ ""ПIВДЕННЕ"", С.ОЛЕКСIЇВКА, КАЛАНЧАЦЬКИЙ Р-Н",0.039,Херсонська
65,33124250," ТОВ ""РИС УКРАЇНИ"", СКАДОВСЬКИЙ Р-Н",0.501,Херсонська
65,39262639," ККУП ""ДЖЕРЕЛО"",КАЛАНЧАЦЬКИЙ РАЙОН,СМТ.КАЛАНЧАК",0.045,Херсонська
68,2004580, ХМЕЛЬНИЦЬКА ОБЛПСИХЛIКАРНЯ N 1  С. СКАРЖИНЦI ЯРМОЛИНЕЦЬКОГО,0.024,Хмельницька
68,8564788, ШЕПЕТIВСЬКА ВИПРАВНА КОЛОНIЯ N 98  С. КЛИМЕНТОВИЧI ШЕПЕТIВСЬ,0.033,Хмельницька
68,32481423," КОМУНАЛЬНЕ ПIДПР.""КОМУНСЕРВIС""  СМТ ВIНЬКIВЦI",0.018,Хмельницька
68,32231431," КОМУН.ГОСПРОЗРАХУНКОВЕ ПIДПР.""ЗЛАГОДА"" СМТ ЛЕТИЧIВ",0.04,Хмельницька
68,14175625," ПIДПР.""ВОДОПРОВIДНО-КАНАЛIЗАЦ.ГОСПОДАРСТВО""  М. ПОЛОННЕ",0.123,Хмельницька
68,3356128," МКП ""ХМЕЛЬНИЦЬКВОДОКАНАЛ""  М. ХМЕЛЬНИЦЬКИЙ",0.23,Хмельницька
68,32545392," КОМУН.ПIДПР.""КОМУНСЕРВIС""  СМТ ЧЕМЕРIВЦI",0.055,Хмельницька
68,34282630," КОМУН.ПIДПР.""КОМУНАЛЬНИК-СБ""  ЗАЛIЗН.СТАНЦ. БОГДАНIВЦI ХМЕЛЬЛЬНИЦЬКИЦ Р-Н",0.031,Хмельницька
68,25978652," ЖИТЛОВО-КОМУН.ГРОМАДСЬКЕ ОБ""ЄДН.""ВIКТОРIЯ""  ",0.034,Хмельницька
68,31919381," КОМУН.ПIДПР. ""ДОБРОБУТ""  СМТ ЯМПIЛЬ БIЛОГIРСЬКОГО Р-НУ",0.01,Хмельницька
68,           ," ПРИВАТНЕ ПIДПРИЄМСТВО ""АСЛАН-ТЕКСТИЛЬ"" СМТ БАЗАЛIЯ ТЕОФIПОЛЬСЬКОГО Р-Н",0.011,Хмельницька
71,21374420," КП ""ВОДОКАHАЛ"", М.КОРСУHЬ-ШЕВЧЕНКIВСКИЙ",0.027,Черкаська
71,24413020," КП ""ВОДОКАHАЛ"", М.ТАЛЬHЕ",0.1,Черкаська
71,3356996," ХРИСТИНIВСЬКЕ ВУЖКГ, М. ХРИСТИНIВКА",0.131,Черкаська
71,3357116," ЧОРНОБАЇВСЬКЕ ВУЖКГ, СМТ. ЧОРНОБАЙ",0.072,Черкаська
71,24359125," ВАТУТIНСЬКЕ КВП ""ВОДОКАНАЛ"", М. ВАТУТIНЕ, ЗВЕНИГОРОДСЬКИЙ Р-Н",0.588,Черкаська
71,5390572," ТОВ""ЛОЗ ЧС  ДОЦ""СВIТАНОК"", С.СВИДIВОК, ЧЕРКАСЬКИЙ Р-H",0.003,Черкаська
71,4694614," КС ТАЛЬНЕ ГАЙСИНСЬКОГО ЛВУМГ ФIЛIЯ УМГ ""ЧЕРКАСИТРАНСГАЗ"", М. ГАЙСИН",0.003,Черкаська
71,30147563," ПАТ НВП ""СЕМЗ"", М.СМIЛА",0.042,Черкаська
71,5445296," КП ""ЧЕЛУАШ"", М.ЧЕРКАСИ",1.294,Черкаська
71,36783147," КП ""ЧИГИРИН"", М.ЧИГИРИH",0.111,Черкаська
71,32601205," КП ""МIСЬКИЙ ВОДОКАНАЛ"", М.ЗОЛОТОНОША",0.86,Черкаська
71,30794986," КП ""ВОДГЕО"", М.СМIЛА",1.248,Черкаська
71,35308915," ТОВ ЖКСШ, М. ЖАШКIВ",0.008,Черкаська
74,3358222," КП ""ЧЕРНIГIВВОДОКАНАЛ"" М. ЧЕРНIГIВ",13.19,Чернігівська
74,32009905, КП НУВКГ М. НIЖИН,0.079,Чернігівська
74,3358038, ОСТЕРСЬКЕ ВУЖКГ М. ОСТЕР КОЗЕЛЕЦЬКОГО РАЙОНУ,0.017,Чернігівська
74,3357791," ПРАТ ""КОМУНАЛЬНИК"" М. СНОВСЬК",0.041,Чернігівська
74,35074998," КП ""ГОСПОДАР"" ВАРВИНСЬКОЇ СЕЛИЩНОЇ РАДИ СМТ. ВАРВА",0.096,Чернігівська
74,8564972, УПРАВЛIННЯ ДПТСУ НОВГОРОД -СIВЕРСЬКА УВП №31 М. НОВГОРОД – СІВЕРСЬКИЙ,0.004,Чернігівська
74,32936720," КП ""БАХМАЧ - ВОДСЕРВIС"" М. БАХМАЧ",0.202,Чернігівська
74,32895627," КП ""КОЗЕЛЕЦЬВОДОКАНАЛ"" СМТ. КОЗЕЛЕЦЬ",0.03,Чернігівська
74,33380497," КОМУНАЛЬНЕ ПIДПРИЕМСТВО ВКГ ""IЧЕНЬ"" М. IЧНЯ",0.234,Чернігівська
74,37348216," КП ""ВОДА"" КОРОПСЬКОЇ СЕЛИЩНОЇ РАДИ СМТ. КОРОП",0.015,Чернігівська
74,37444779," КП ""КУЛИКIВСЬКЕ ВУЖКГ"" СМТ. КУЛИКIВКА",0.036,Чернігівська
77,3357553, ГЛИБОЦЬКЕ ВУЖКГ,0.105,Чернівецька
77,36397519, ЧЕРНIВЕЦЬКА ОБЛАСНА МИТНИЦЯ,0.003,Чернівецька
77,33108794," ВАТ ""ЦУКРОВИЙ ЗАВОД ""ХРЕЩАТИК"" СМТ КОСТРИЖIВКА",0.021,Чернівецька
77,33089761, ЗАСТАВНIВСЬКЕ ВУЖКГ,0.047,Чернівецька
77,14271932," УПРАВЛIННЯ ""ТЕПЛОВОДОКАНАЛ"", м.НОВОДНIСТРОВСЬК",0.257,Чернівецька
77,33094368, СОКИРЯНСЬКЕ ВУЖКГ,0.105,Чернівецька
77,2005786," ОБЛАСНИЙ  ПРОТИТУБЕРКУЛЬОЗНИЙ САНАТОРIЙ ""КРАСНОIЛЬСЬК""",0.004,Чернівецька
77,34091022, ХОТИНСЬКЕ ВУЖКГ,0.068,Чернівецька
77,3361780," ДКП ""ЧЕРНIВЦIВОДОКАНАЛ"" м.ЧЕРНIВЦI",0.851,Чернівецька
77,3972844, ЧЕРНIВЕЦЬКЕ УВП УТОГ м.ЧЕРНIВЦI вул.КРАСIНА 63,0.004,Чернівецька
77,957152, ДП НЕПОЛОКIВСЬКИЙ КОМБIНАТ ХЛIБОПРОДУКТIВ,0.017,Чернівецька
77,495832, УНДС КАРАНТИНУ РОСЛИН с.БОЯНИ НОВОСЕЛИЦЬКОГО РАЙОНУ,0.004,Чернівецька
77,3189989, ПЕТРИЧАНСЬКИЙ ПСИХОНЕВРОЛОГIЧНИЙ БУДИНОК-IНТЕРНАТ,0.006,Чернівецька
77,3189972, ХОТИНСЬКИЙ ПСИХОНЕВРОЛОГIЧНИЙ БУДИНОК-IНТЕРНАТ,0.019,Чернівецька
77,3361780," ДКП ""ЧЕРНIВЦIВОДОКАНАЛ""",0.06,Чернівецька
77,14257808," ПП ""КОЛОС""",0.012,Чернівецька
77,35221652," СТООЖИНЕЦЬКЕ  КУП""КОМУНАЛЬНИК""",0.174,Чернівецька
77,34508403," КП ""НОВОСЕЛИЦЬКА МIСЬКА ТЕПЛОМЕРЕЖА"" м.НОВОСЕЛИЦЯ",0.1,Чернівецька
77,31887196," ТОВ ТПК ""ГРIН РЕЙ"" м. НОВОСЕЛИЦЯ, ВУЛ. ГОЛОВНА, 93",0.006,Чернівецька
77,41122111," ТОВ ""БУКОВИНСЬКА Ф-КА, ГКД ""ЛАМЕЛЬ"", СТОРОЖИНЕЦЬКИЙ Р-Н, СМТ",0.008,Чернівецька
77,39100130," ТОВ ""РОДНИЧОК-1"", НОВОСЕЛИЦЬКИЙ Р-Н, С.БОЯНИ",0.002,Чернівецька
